SeqFeat,Precision,Recall,AUC,Accuracy,MCC,Diff
AAA,0.9552027169634093,0.9212794918330308,0.9353897459165155,0.9343977154724818,0.8696470629142881,0.02022845275181373
AEE,0.9567834503037436,0.923049001814882,0.937274500907441,0.9362712011076497,0.8732299893722802,-0.16712011076497335
DAL,0.9548808625191207,0.9221642468239564,0.9358321234119782,0.9348758220837661,0.8704033373583827,-0.02758220837660863
DEI,0.9573648088335232,0.9217256503327282,0.9368628251663641,0.9358039113880234,0.8725867506299115,-0.12039113880234487
DII,0.9559727998251653,0.9243345432546883,0.9374172716273441,0.9364983558324679,0.8736273443983289,-0.18983558324678906
DN,0.9554115660684617,0.9243496672716273,0.9369248336358136,0.9360332294911734,0.8728116536061525,-0.14332294911734156
EF,0.9547165599689019,0.9247731397459165,0.9368865698729582,0.9360440463828315,0.8726640204857308,-0.14440463828314654
FI,0.9516815010688153,0.9147988505747127,0.9301494252873563,0.9290714780200762,0.8591503929049662,0.5528521979923817
FR,0.9536998557245622,0.9230187537810042,0.935259376890502,0.9344193492557978,0.8695465829001403,0.018065074420214877
GM,0.9567776546564898,0.9217105263157894,0.9366052631578947,0.9355637763932156,0.8719831861625444,-0.0963776393215654
HG,0.9565009197358305,0.923049001814882,0.9370245009074409,0.9360505365178263,0.8728700237322023,-0.14505365178263396
HP,0.9582713963435061,0.9243269812462189,0.9386634906231094,0.9376622533748702,0.8761092691549446,-0.3062253374870205
II,0.9487556435025951,0.9186479128856624,0.9303239564428312,0.9295128071997231,0.8600256445067409,0.5087192800276918
LRE,0.9541275309242676,0.9221793708408954,0.9350896854204476,0.934200848044306,0.869233971567924,0.03991519556939549
LVL,0.9590962455271344,0.9199863883847549,0.9372431941923774,0.9360289027345101,0.872969394201043,-0.1428902734510129
MF,0.9548851951460012,0.9243194192377495,0.9366597096188747,0.9358017480096918,0.8723584686031682,-0.12017480096918609
MN,0.9556962123205103,0.9221944948578342,0.9363472474289172,0.9353625822083766,0.8713613246608947,-0.07625822083766609
NE,0.9561503690696405,0.9212719298245613,0.9358859649122806,0.9348736587054344,0.8707369393861815,-0.027365870543438753
NR,0.9523315552416267,0.9151920750151239,0.930846037507562,0.9297572689511941,0.8604972078410524,0.4842731048805837
NV,0.9557237443792977,0.9252117362371446,0.9376058681185722,0.9367449809622705,0.8741689791968343,-0.21449809622705596
NY,0.9541402725409407,0.9191167574107683,0.933808378705384,0.932779508480443,0.8664378645210833,0.18204915195569882
RM,0.9483548324223163,0.9217180883242589,0.9316090441621293,0.93091251298027,0.8623134467285468,0.36874870197299847
YI,0.9552609751659213,0.9256578947368421,0.937578947368421,0.9367276739356178,0.8741574967821641,-0.21276739356178576
